fname,mname,lname,uid,passwd,year,ou,majr,term
Adam,,Thoseby,athoseby,207220,GR,CS,CSMS,201702
Adam,D.,McGuire,amcguir1,221673,JR,CS,WBIT,201702
Adrian,,Wade,awade4,066359,SR,CS,ITCB,201702
Adrianne,D.,Brown,abrown79,227104,JR,Math,MTCS,201702
Ahmad,,Solomon,asolomo3,129666,SR,CS,CSBS,201702
Aimee,D.,Simmons,asimmon8,226758,GR,Math,MGMA,201702
Aldasha,S.,Woolfork,amoore,009477,JR,CS,WBIT,201702
Alecia,K.,Pinckney,apinckne,090524,GR,CS,CSMS,201702
Alejandra,R.,Anderson,aander12,154327,SR,CS,ITCB,201702
Alex,J.,Brown,abrown47,124816,SO,CS,ENGR,201608
Alex,S.,Thomas,athoma41,220993,SR,CS,WBIT,201702
Alexander,,Bittle,abittle,182818,JR,CS,ITCB,201702
Amanda,D.,Gay,agay3,116745,SR,CS,POST,201605
Amber,S.,Blue,ablue,126832,JR,CS,ITCB,201702
Amy,,Stankus,astankus,229888,FR,CS,CSBS,201702
Andrea,A.,Brown,abrown68,187422,SO,Math,MTHM,201702
Andreas,M.,Edwards,aedward4,131712,JR,CS,ENGR,201702
Andrew,G.,Miller,amille19,150402,JR,CS,CSBS,201702
Andrew,R.,Stevens,asteven4,207071,SO,CS,ENGR,201608
Anthony,B.,Blanchard,ablancha,049624,SR,CS,ITCB,201608
Anthony,B.,James,ajames6,186105,SO,CS,WBIT,201702
Anthony,C.,Cloud,acloud1,123127,SR,CS,ENGR,201605
Anthony,C.,Long,along2,193502,FR,CS,ITCB,201608
Antonio,R.,Dale,adale1,182357,JR,CS,ITCM,201702
Ariana,D.,Carby,acarby,144195,SR,CS,ITCM,201608
Arthur,L.,Young,ayoung,007134,GR,Math,MGMA,201605
Ashmeen,J.,Womack,awomack3,173152,SO,Math,MTHM,201702
Asit,A.,Shah,ashah1,211906,GR,CS,CSMS,201702
Aslam,F.,Gangji,agangji,081649,GR,CS,CSMS,201608
Austin,C.,Butler,abutler9,208653,FR,CS,CSBS,201702
Austin,T.,McIntyre,amcinty1,193827,FR,Math,PEMT,201702
Barry,K.,Marshall,bmarsha4,200155,GR,CS,CSMS,201702
Benjamin,M.,Brown,bbrown40,144251,SR,CS,ITCM,201702
Blake,T.,Phillips,bphilli9,087773,GR,CS,CSMS,201702
Bradley,T.,Shiver,bshiver2,096605,GR,CS,CSMS,201702
Brandon,A.,Rix,brix,185837,JR,CS,CSBS,201702
Braxston,C.,Stewart,bstewar3,122269,SR,CS,ITCM,201702
Brenton,R.,Bazemore,bbazemo2,178159,JR,CS,CSBS,201702
Brianna,M.,Foster,bfoster6,213330,FR,Math,PEMT,201702
Carlton,A.,Stewart,cstewa10,171247,SO,CS,CSBS,201702
Casey,D.,Crosby,ccrosby5,231215,SR,CS,POST,201702
Cedric,A.,Crawford,ccrawfo4,121986,SR,CS,CSBS,201702
Chantz,J.,Little,clittle3,132554,SR,CS,ITCB,201702
Chase,T.,Redmond,credmon1,227801,SR,CS,CSBS,201702
Chelsea,A.,Jackson,cjacks29,114144,SR,CS,ITCM,201605
Christian,N.,Bostick,cbostick,197192,SO,CS,ITCB,201702
Christopher,A.,Clark,cclark25,192323,SO,CS,CSBS,201702
Christopher,A.,Lowell,clowell1,137180,JR,CS,ITCB,201702
Christopher,D.,Cotton,ccotton2,081835,SR,CS,CSBS,201702
Christopher,M.,Warren,cwarren4,203174,FR,CS,ENGR,201702
Clayton,T.,Queen,cqueen,223082,FR,CS,ENGR,201702
Cody,L.,Clements,cclemen3,172027,JR,CS,CSBS,201702
Connor,J.,McCorkle,cmccork1,129424,JR,Math,MTCS,201702
Corey,J.,Smith,csmith93,214076,FR,CS,ITCM,201702
Craig,,Jackson,cjacks40,201335,SO,CS,CSBS,201702
Curtis,J.,Landers,clander1,128017,SR,CS,ITCB,201702
Da'vonte,,Hughes,dhughes7,184100,SO,CS,ITCM,201702
Dana,D.,Lowery,ddowdy1,124831,GR,Math,MGMA,201702
Daniel,,Painter,dpainter,178104,SO,CS,CSBS,201702
Darpan,,Bhandari,dbhandar,230099,FR,CS,CSBS,201702
Daryl,,Pilgrim,dpilgrim,197482,SR,CS,WBIT,201702
Dashumon,R.,Robinson,drobins6,122266,SR,CS,ITCM,201702
Deepak,,Khungar,dkhungar,234299,GR,CS,CSMS,201702
Demaracus,L.,Johnson,djohns59,201422,SO,CS,ITCB,201702
Demonte,D.,Dean,ddean2,190728,FR,CS,CSBS,201608
Dennis,K.,Isaacs,disaacs,203076,SO,CS,CSBS,201702
Derontra,Q.,Hall,dhall19,167989,FR,CS,ENGR,201702
Derrick,R.,Waters,dwalters,029991,SO,Math,MTHM,201702
Devon,,Vickers,dvickers,153333,JR,CS,CSBS,201702
Devon,S.,Capone,dcapone,221398,FR,CS,CSBS,201702
Dharma,R.,Lamichhane,dlamichh,188383,GR,CS,CSMS,201608
Digant,K.,Jani,djani,210540,GR,CS,CSMS,201608
Dongwen,,Qi,dqi,079072,GR,CS,CSMS,201702
Donovan,I.,Hooks,dhooks2,146696,SO,CS,CSBS,201702
Dwayne,,Christian,dchrist3,198458,SO,CS,ITCB,201702
Earl,C.,Major,emajor,049633,SR,CS,ITCB,201605
Eli,C.,Walker,ewalker9,204786,GR,CS,QISC,201605
Elizabeth,A.,Boone,eboone1,224273,GR,Math,MGMA,201702
Emily,J.,Bunce,ebunce,163408,SR,CS,ENGR,201608
Emmanuel,,Lopez,elopez1,201099,FR,CS,CSBS,201702
Evan,T.,Ridley,eridley,214197,JR,CS,ITCB,201702
Franklin,E.,Mott,fmott,123906,SR,CS,CSBS,201702
Fredrick,B.,Countryman,fcountry,098044,SR,CS,ITCB,201608
Genesis,N.,Davis,gdavis12,129789,SR,CS,ITCM,201702
Gi'Brianna,L.,Westberry,gwestber,122624,SO,CS,ITCB,201702
Gregory,T.,Howlett,ghowlett,140944,SR,CS,CSBS,201608
Habib,K.,Pyne,hpyne,086904,SR,CS,WBIT,201702
Haley,E.,Duplechin,hduplech,159942,SR,CS,WBIT,201702
Haley,E.,Exum,hexum,138949,SR,CS,ITCB,201702
Hansuk,,Song,hsong,196220,SR,CS,CSBS,201605
Harley,L.,Ponder,hponder,208004,SO,CS,ENGR,201702
Hector,A.,Robinson,hrobins3,177083,JR,CS,CSBS,201702
Hemant,,Saxena,hsaxena,228073,GR,CS,CSMS,201702
Hope,B.,Toole,htoole,227247,GR,CS,QISC,201605
Hyukpyo,,Hong,hhong,219590,GR,CS,CSMS,201702
Jackson,S.,Durham,jdurham4,186654,SO,CS,ITCB,201608
Jacob,,Cutchin,jcutchin,212580,FR,CS,ITCM,201702
Jacob,G.,Fowler,jfowle13,209214,FR,CS,CSBS,201702
Jacob,M.,Burch,jburch3,228753,FR,Math,MTHM,201702
Jake,T.,Koonce,jkoonce,123070,SR,CS,ITCB,201608
Jamal,D.,Houston,jhousto7,155547,FR,CS,CSBS,201702
Jamar,A.,Gross,jgross,203161,SO,CS,ITCB,201608
James,A.,Torbert,jtorbert,213275,FR,CS,ENGR,201702
James,C.,Lamb,jlamb3,139203,GR,CS,CSMS,201702
James,D.,Scott,jscott23,207952,FR,CS,ITCB,201605
James,F.,Sealy,jsealy1,183336,SO,CS,ITCB,201702
James,L.,Isom,jisom1,224059,FR,CS,CSBS,201702
James,M.,Helton,jhelton3,225233,JR,Math,PEMT,201702
Janak,R.,Chapagain,jchapaga,223864,GR,CS,CSMS,201702
Jason,T.,Kelly,jkelly11,166350,JR,CS,CSBS,201702
Jathneil,A.,Wint,jwint,226178,FR,CS,ENGR,201702
Javaughn,K.,Zackery,jzackery,182556,JR,CS,ITCM,201702
JeMarcus,L.,Bell,jbell11,099538,FR,CS,CSBS,201608
John,B.,Tuggle,jtuggle4,223345,GR,Math,MGMA,201702
John,C.,Auer,jauer,193002,SO,CS,ENGR,201702
Joi,A.,Courtney,jcourtn1,225821,FR,CS,ITCB,201702
Jon,W.,Arthur,jarthur2,184372,FR,CS,ENGR,201702
Jonathan,,Weber,jweber,233377,SR,CS,CSBS,201702
Jonathan,R.,Hobbs,jhobbs2,047842,SR,CS,ITCB,201702
Joseph,,Vinyard,jvinyard,228355,FR,CS,ITCB,201702
Joseph,C.,Logan,jlogan4,213549,FR,CS,ENGR,201702
Joseph,N.,Trinh,jtrinh,128006,SR,CS,CSBS,201702
Josey,C.,Brown,jbrown94,214352,JR,Math,MTHM,201702
Josh,R.,Kimbrel,jkimbre1,138753,JR,CS,ENGR,201605
Joshua,A.,Joseph,jjoseph1,211378,FR,CS,ENGR,201702
Joshua,A.,McGahee,jmcgahee,203484,FR,CS,CSBS,201702
Juan,J.,Morales,jmorale1,087999,SO,CS,ENGR,201702
Justin,L.,Norris,jnorris5,140560,SR,CS,WBIT,201608
Justin,T.,Fisher,jfisher4,106736,JR,CS,ITCB,201702
Justin,W.,Brooks,jbrook18,174129,SO,CS,CSBS,201608
Justina,S.,Weston,jweston2,091039,GR,Math,MGMA,201702
Kai,,Fan,kfan,230863,GR,CS,CSMS,201702
Kailash,C.,Ghimire,gkailash,078866,GR,CS,CSMS,201608
Kalyan,R.,Reddivari,kreddiva,228442,GR,CS,CSMS,201702
Katheryn,L.,Calhoun,kcalhou2,226913,GR,Math,MGMA,201702
Katie,M.,Lange,klange,209099,FR,Math,MTTC,201702
Kelly,A.,Smith,ksmith91,224613,GR,Math,MGMA,201702
Kenesha,K.,Roberts,krober14,204836,SR,Math,MTCS,201702
Kevion,A.,Chatfield,kchatfie,220958,SR,CS,CSBS,201608
Kline,P.,Stanfield,kstanfie,213551,FR,CS,ENGR,201702
Kristie,M.,Kiser,kkiser,188329,GR,CS,CSMS,201605
Kristina,A.,Aldridge,kaldridg,058869,GR,Math,MGMA,201702
Lamar,T.,Blair,lblair,204459,SO,CS,ENGR,201702
Larry,D.,Carroll,lcarrol4,222947,FR,CS,ENGR,201702
Latrez,J.,Cheeks,lcheeks,062505,GR,CS,CSMS,201608
Leonard,L.,Reed,lreed1,205016,SR,CS,CSBS,201702
Lindsey,B.,Youngblood,lyoungb3,213970,FR,CS,CSBS,201702
Lonnie,T.,Gunn,lgunn1,230868,GR,CS,CSMS,201702
Luke,T.,Decker,ldecker,227986,SO,CS,CSBS,201608
Macon,M.,Brown,mbrown49,172325,JR,CS,ITCM,201702
Madison,K.,Helms,mhelms3,147756,SR,CS,CSBS,201702
Madison,N.,Dunnavant,mdunnava,212568,SO,CS,CSBS,201702
Malinda,D.,Lynn,mlynn2,228087,JR,CS,CSBS,201608
Manu,K.,Maddali,mmaddali,223745,FR,CS,CSBS,201702
Manuel,,Duran Gonzalez,mdurango,189658,FR,CS,ENGR,201702
Mark,R.,Jones,mjones46,192416,SO,CS,ENGR,201702
Mary,J.,Henley,mhenley,195341,SR,CS,CSBS,201608
Mason,A.,Davis,mdavis32,096156,SR,CS,ITCM,201702
Matthew,B.,Youngblood,myoungb3,151587,JR,CS,ITCB,201702
Mauri,E.,Jarrard,mjarrard,226767,GR,Math,MGMA,201702
McKenzie,J.,Simmons,msimmo12,191734,SO,Math,MTCS,201702
Megan,,Lymon,mlymon,227943,GR,Math,MGMA,201702
Meghann,A.,Perry,mperry11,203280,SR,CS,ITCB,201702
Michael,G.,Powell,mpowel15,229319,GR,CS,CSMS,201702
Miguel,,Carranza,mcarranz,134537,SO,CS,ITCB,201702
Miles,E.,Norman,mnorman2,211810,FR,CS,ENGR,201702
Miles,J.,Robinson,mrobin19,182906,SO,CS,CSBS,201702
Misty,K.,Harrelson,mharrel2,126080,GR,Math,MGMA,201702
Mohamed,,Balde,mbalde,206166,SO,CS,CSBS,201702
Monique,L.,Williams,mwilli72,197490,SO,Math,PEMT,201702
Morgan,S.,Channell,mchannel,206935,FR,CS,CSBS,201702
Nathanael,W.,Warren,nwarren,214728,FR,CS,CSBS,201702
Nathaniel,,Ashley,nashley,192419,SO,CS,CSBS,201702
Ndubuisi,J.,Okeze,nokeze,234078,SO,CS,WBIT,201702
Nicholas,H.,Dowdy,ndowdy,195513,SR,CS,WBIT,201702
Nicholas,M.,Polk,npolk,114862,SO,CS,ITCB,201702
Nicole,M.,Stevenson,nsteven1,200023,SR,Math,MTTC,201608
Olandrae,J.,Zeigler,ozeigler,197634,FR,CS,CSBS,201608
Oscar,R.,Martinez,omartine,129288,SR,CS,CSBS,201702
Pagie,L.,Thomas,pthomas2,034642,SR,Math,MTHM,201702
Paolo,A.,Cifuentes,pcifuent,225240,FR,CS,CSBS,201702
Parker,A.,Farschman,pfarschm,205729,FR,CS,ENGR,201605
Parker,G.,Sloan,psloan,143268,SR,CS,CSBS,201702
Patrice,A.,Johnson,pjohns13,217617,FR,CS,CSBS,201702
Pie,J.,Smith,psmith23,225003,FR,CS,ITCB,201702
Prabhu,D.,Dwaram,pdwaram,144771,GR,CS,CSMS,201605
Preeti,,Singh,psingh,223399,GR,CS,CSMS,201702
Preston,,Jackson,pjacks12,214114,SR,CS,WBIT,201702
Quinten,E.,Sanders,qsanders,224604,JR,CS,CSBS,201702
Rachel,L.,Holder,rholder1,208467,FR,CS,CSBS,201702
Ragoobar,,Singh,rsingh,030480,FR,CS,CSBS,201608
Raymond,Y.,Chui,rchui,204067,JR,CS,CSBS,201702
Richard,J.,Deslattes,rdeslatt,221067,GR,CS,CSMS,201605
Robert,,Smith,rsmith36,115047,GR,CS,CSMS,201702
Robert,L.,Price,rprice1,163146,FR,CS,ENGR,201702
Robert,V.,Glover III,rglover3,192658,SO,CS,ENGR,201608
Rodney,F.,Caldwell,rcaldwe6,197424,JR,CS,ITCM,201608
Rowen,H.,Robinson,rrobin11,152730,SR,CS,ITCB,201702
Rupali,B.,Mahadik,rmahadik,184637,GR,CS,CSMS,201608
Ryan,A.,Anderson,randers6,191876,SR,CS,CSBS,201702
Ryan,A.,Ofori,rofori,200447,SO,CS,ENGR,201702
Ryan,M.,Ferros,rferros,106604,SR,CS,ITCB,201608
Sabrina,R.,Jordan,sjones59,142739,SR,CS,ITCM,201702
Sandra,L.,Anderson,sanders2,026925,GR,Math,MGMA,201702
Sara,E.,Moriarty,smoriart,224883,SR,Math,MTHM,201702
Savannah,M.,Walker,swalke35,173384,JR,Math,MTHM,201608
Shahnawaz,,Khan,skhan,109180,GR,CS,CSMS,201608
Shane,J.,Walker,swalke30,130865,SR,CS,ITCB,201608
Shanice,N.,Clark,sclark21,197437,FR,CS,ITCM,201702
Shanya,,Jones,sjones72,227566,JR,CS,ITCB,201702
Sheila,W.,McLendon,smclend3,227205,GR,CS,QISC,201605
Sherrie,E.,Doyal,sdoyal1,233897,JR,CS,WBIT,201702
Simon,S.,Cason,scason2,096051,JR,CS,WBIT,201608
Spencer,T.,Taylor,staylo23,222211,SO,CS,ENGR,201702
Stephanie,E.,Howell,showell3,017304,GR,Math,MGMA,201702
Sterlin,T.,Chase,schase,214314,FR,CS,ITCB,201702
SuBum,,Wi,swi,188605,JR,CS,CSBS,201702
Tabias,R.,Pittman,tpittma1,153484,JR,CS,CSBS,201702
Tamara,,Wilson,twilso21,228776,GR,CS,CSMS,201702
Tamia,S.,Hunter,thunter3,217569,FR,CS,ITCB,201702
Taralkumar,J.,Ahir,tahir,171436,JR,CS,CSBS,201702
Taylor,Z.,Washburn,twashbur,103782,SR,CS,CSBS,201702
Teana,L.,Briscoe,tbrisco1,208174,SO,CS,CSBS,201702
Thomas,C.,Swan,tswan,203022,SR,CS,ITCB,201702
Tommy,,Travis,ttravis1,185925,JR,CS,WBIT,201702
Torey,E.,Wingate,twingate,223863,GR,Math,MGMA,201702
Trenton,C.,Rogers,trogers7,212974,FR,CS,ITCM,201702
Trenton,E.,Ashmore,tashmore,176459,SO,CS,ITCB,201702
Troi,L.,Burks,tburks3,212370,FR,Math,MTCS,201702
Tyler,G.,Brown,tbrown36,160190,SR,CS,ENGR,201605
Venkateshwar,R.,Nagulavancha,vnagulav,228093,GR,CS,QISC,201702
Victoria,L.,Hardison,vhardiso,203320,FR,CS,ENGR,201702
Vincent,J.,Tripi,vtripi,147985,SR,CS,CSBS,201702
Vivek,J.,Ballarapu,vballara,100799,GR,CS,CSMS,201605
William,,Mackenzie,wmackenz,034054,SR,CS,WBIT,201608
William,B.,St John,wstjohn,221625,FR,CS,ITCM,201702
William,C.,Ford,wford4,150387,JR,CS,ITCB,201702
William,J.,Farran,wfarran,200509,SO,CS,ENGR,201702
William,M.,Miller,wmiller6,162414,SO,CS,ITCM,201608
Wordie,R.,Hubbard,whubbar1,145051,SR,CS,ITCB,201702
XaZavia,M.,Porter,xporter,130660,SO,CS,ITCB,201702
Yash,M.,Shah,yshah,200611,GR,CS,CSMS,201605
Zachariah,W.,Brown,zbrown4,197633,SO,CS,ITCM,201702
Zackery,A.,Tribulak,ztribula,228571,JR,CS,CSBS,201608
Zhinan,,Qiao,qzhinan,204458,GR,CS,CSMS,201605
